platform,revenue_share_pct,stream_share_pct,trailing_12m_revenue,trailing_12m_units
spotify,20.0,20.0,153256.44,76628220
youtube,55.00000000000001,55.00000000000001,421455.21,210727605
apple,10.0,10.0,76628.22,38314110
publishing,10.0,0.0,76628.22,0
neighboring_rights,2.0,0.0,15325.64,0
sync,0.0,0.0,0.0,0
other,3.0,0.0,22988.47,0
